Timestamp,Open,High,Low,Close,Volume (BTC),Volume (Currency),Weighted Price
2018-10-15 00:00:00,6185.04,6203.21,6149.28,6191.78,275.85,1704368.65,6178.59
2018-10-15 01:00:00,6195.26,6213.6,6187.59,6209.72,135.5,840089.56,6199.94
2018-10-15 02:00:00,6205.52,6209.93,6197.01,6200.63,39.37,244189.66,6203.08
2018-10-15 03:00:00,6200.63,6215.12,6200.63,6215.1,43.88,272531.98,6210.44
2018-10-15 04:00:00,6215.1,6220,6206,6209.3,77.69,482840.94,6214.77
2018-10-15 05:00:00,6206.01,6413.2,6198.36,6359.45,1573.74,9924012.23,6306.01
2018-10-15 06:00:00,6359.46,6756,6359.44,6667.26,4962.42,32708359.33,6591.21
2018-10-15 07:00:00,6662.33,6670,6410.17,6410.17,2289.77,14885477.46,6500.85
2018-10-15 08:00:00,6409.46,6469.86,6379,6409.87,1151.11,7394138.39,6423.49
2018-10-15 09:00:00,6415,6439.17,6365.34,6425.79,1223.75,7835102.26,6402.52
2018-10-15 10:00:00,6420.84,6455.74,6400.21,6423.89,399.95,2569839.71,6425.39
2018-10-15 11:00:00,6423.89,6452.19,6390.03,6412.76,451.44,2899157.7,6422.08
2018-10-15 12:00:00,6412.38,6419.84,6381.25,6410,375.93,2407164.77,6403.19
2018-10-15 13:00:00,6410,6416.67,6381.25,6395.54,732.18,4684911.58,6398.57
2018-10-15 14:00:00,6395.55,6405.96,6359.78,6376.98,479.1,3057561.83,6381.89
2018-10-15 15:00:00,6374.88,6404.1,6374.16,6392.59,197.29,1260610,6389.58
2018-10-15 16:00:00,6392.42,6427,6390.32,6417.43,458.37,2939758.45,6413.52
2018-10-15 17:00:00,6415,6424.13,6398,6400.24,406.64,2606239.08,6409.22
2018-10-15 18:00:00,6398.01,6420.6,6379.69,6397.07,278.31,1781952.44,6402.85
2018-10-15 19:00:00,6397.4,6411.79,6387.03,6390,201.17,1287759.34,6401.24
2018-10-15 20:00:00,6389.98,6415.73,6359.56,6391.4,427.32,2725795.34,6378.89
2018-10-15 21:00:00,6388.3,6410.5,6380.1,6393.54,276.8,1770156.3,6394.96
2018-10-15 22:00:00,6388.77,6445.31,6388.77,6426.11,250.7,1611420.67,6427.58
2018-10-15 23:00:00,6425.69,6457.94,6424.13,6441.74,187.6,1207649.52,6437.42
2018-10-16 00:00:00,6438.2,6439.33,6412.95,6429,95.26,611780.58,6422.13
2018-10-16 01:00:00,6432.73,6438.01,6416.41,6425.48,105.93,680774.8,6426.95
2018-10-16 02:00:00,6425.06,6430,6417.78,6429.99,70.68,454194.3,6426.37
2018-10-16 03:00:00,6429.99,6440,6416.53,6420,120.22,772527.64,6425.82
2018-10-16 04:00:00,6424.46,6434,6420,6424.05,113.23,727605.66,6425.78
2018-10-16 05:00:00,6424.05,6490,6422.89,6474.62,371.01,2394338.75,6453.51
2018-10-16 06:00:00,6475,6493.77,6442.29,6452.33,288.33,1865222.47,6468.97
2018-10-16 07:00:00,6449.08,6467.11,6444.37,6448.86,114.39,737987.5,6451.67
2018-10-16 08:00:00,6449.68,6454.09,6413.2,6435.09,377.31,2424770.51,6426.46
2018-10-16 09:00:00,6435.19,6444,6425.53,6430.38,377.33,2427241.92,6432.64
2018-10-16 10:00:00,6430.47,6437.21,6423,6436.52,383.83,2468514.78,6431.24
2018-10-16 11:00:00,6436.34,6454.22,6426.58,6451.54,131.17,844346.59,6437.28
2018-10-16 12:00:00,6451.54,6452.19,6422.26,6437.13,89,573024.78,6438.38
2018-10-16 13:00:00,6436.03,6469.15,6436.03,6449.68,190.27,1227863.14,6453.1
2018-10-16 14:00:00,6444.27,6450.27,6430,6437.18,83.51,537702.1,6438.68
2018-10-16 15:00:00,6437.17,6449.04,6432.51,6437.01,116.57,750588.81,6438.82
2018-10-16 16:00:00,6439,6439.39,6386.4,6419.47,271.52,1741001.61,6412.15
2018-10-16 17:00:00,6420.24,6433.17,6412.36,6430.42,101.01,648864.3,6424.04
2018-10-16 18:00:00,6427.65,6438.82,6424.2,6435,64.48,414728.25,6432.02
2018-10-16 19:00:00,6432.5,6437.79,6415.5,6436.87,313.98,2018508.99,6428.79
2018-10-16 20:00:00,6435.53,6473.74,6435,6455.93,369.06,2379899.98,6448.5
2018-10-16 21:00:00,6456.88,6460.64,6436.73,6457.2,189.43,1221357.94,6447.68
2018-10-16 22:00:00,6460.3,6469.92,6430.94,6450.17,115.8,746647.36,6447.84
2018-10-16 23:00:00,6450.17,6489,6440.82,6461.2,249.77,1615897.86,6469.42
2018-10-17 00:00:00,6457.67,6464.73,6438.67,6457.69,130.42,841441.57,6451.9
2018-10-17 01:00:00,6456.75,6465.39,6444.2,6450.43,138.39,893441.66,6456.06
2018-10-17 02:00:00,6443.36,6449,6432.33,6440.77,75.62,487026.39,6440.46
2018-10-17 03:00:00,6443.02,6454.9,6440.48,6451.24,131.85,849955.04,6446.25
2018-10-17 04:00:00,6452.41,6452.63,6442.8,6450.31,69.37,447365.16,6449.24
2018-10-17 05:00:00,6451.76,6460.54,6440.06,6446.92,192.33,1240427.16,6449.44
2018-10-17 06:00:00,6446.92,6449.1,6436.19,6436.35,43.99,283476.85,6443.61
2018-10-17 07:00:00,6436.35,6444.9,6421.06,6432.3,129.64,834190.68,6434.48
2018-10-17 08:00:00,6432.12,6441.97,6428.89,6441.97,138.16,889210.24,6436.25
2018-10-17 09:00:00,6442.41,6446.82,6413.2,6434.99,315.82,2032198.91,6434.7
2018-10-17 10:00:00,6434.99,6436.01,6419,6421.96,200.15,1286112.8,6425.71
2018-10-17 11:00:00,6420.89,6440,6407.69,6440,315.74,2028614.68,6424.86
2018-10-17 12:00:00,6439.79,6442.34,6419.47,6428.38,171.44,1102166.75,6428.7
2018-10-17 13:00:00,6429.72,6429.72,6410.01,6423.76,141.48,908285.65,6419.87
2018-10-17 14:00:00,6423.43,6446.84,6419.08,6433.74,98.51,633814.11,6434.22
2018-10-17 15:00:00,6433.75,6443.83,6424.85,6440.57,78.34,504099,6435.01
2018-10-17 16:00:00,6444.29,6448.74,6438.16,6448.3,69.8,449722.7,6443.2
2018-10-17 17:00:00,6445.66,6448.89,6438.35,6441.95,20,128894.94,6443.51
2018-10-17 18:00:00,6444.03,6444.37,6434.17,6440,70.14,451544.67,6437.86
2018-10-17 19:00:00,6440,6447.46,6429.78,6431.78,101.34,652636.42,6439.92
2018-10-17 20:00:00,6428.4,6443.07,6412.43,6439.44,174.77,1123166.14,6426.54
2018-10-17 21:00:00,6434.06,6451.79,6429.55,6443.15,76.95,495620.3,6440.5
2018-10-17 22:00:00,6443.08,6453.16,6435.92,6438.71,56.45,363759.51,6444.42
2018-10-17 23:00:00,6438.71,6444.82,6433.49,6437.29,20.56,132357.48,6438.34
2018-10-18 00:00:00,6440.07,6442.32,6433,6438.59,61.61,396532.31,6436.63
2018-10-18 01:00:00,6440.44,6443.28,6435.1,6443.2,31.06,200014.43,6439.6
2018-10-18 02:00:00,6443.19,6447.95,6440.78,6447.95,44.55,287081.61,6443.61
2018-10-18 03:00:00,6447.95,6490,6445.82,6463.09,282.15,1826026.71,6471.87
2018-10-18 04:00:00,6459.38,6464.92,6449.31,6456.21,69.49,448706.03,6457.41
2018-10-18 05:00:00,6452.65,6458.68,6441.81,6450,56.48,364092.73,6446.63
2018-10-18 06:00:00,6449.99,6450,6440,6447.49,120.83,778667.54,6444.5
2018-10-18 07:00:00,6444.69,6453.01,6436.76,6444.92,138.35,891582.83,6444.56
2018-10-18 08:00:00,6444.94,6444.94,6413.2,6438.59,345.09,2219414.51,6431.48
2018-10-18 09:00:00,6437.71,6448.99,6435.5,6443.2,117.73,758606.79,6443.78
2018-10-18 10:00:00,6442.87,6450,6440,6446.56,106.34,685511.6,6446.15
2018-10-18 11:00:00,6446.56,6454,6425,6433.37,201.22,1295579.57,6438.53
2018-10-18 12:00:00,6432.5,6444.5,6431.69,6434.22,159.79,1028684.72,6437.79
2018-10-18 13:00:00,6436.33,6437.38,6427,6436.71,66.25,426132.25,6431.84
2018-10-18 14:00:00,6436.72,6447.55,6432.72,6442.29,109.34,704139.53,6440.04
2018-10-18 15:00:00,6441.69,6444.55,6422.45,6444.55,153.28,986171.42,6433.64
2018-10-18 16:00:00,6442.01,6444,6429,6432.21,116.24,748288.83,6437.35
2018-10-18 17:00:00,6429.74,6432.21,6350,6392.63,701.2,4480182.79,6389.27
2018-10-18 18:00:00,6392.64,6410,6371.19,6386.39,202.61,1294645.51,6389.91
2018-10-18 19:00:00,6386.39,6399.93,6368.84,6399.93,112.28,716690.98,6383.21
2018-10-18 20:00:00,6399.93,6402.98,6380.1,6390,103.61,662000.38,6389.47
2018-10-18 21:00:00,6393.03,6394.02,6365.34,6370.03,148.79,949000.52,6378.05
2018-10-18 22:00:00,6370.03,6390.94,6355.34,6381.29,227.47,1449197.58,6370.82
2018-10-18 23:00:00,6381.57,6410,6381.57,6396.18,147.42,942651.54,6394.53
2018-10-19 00:00:00,6394.23,6412.4,6390.79,6401.59,71,454507.81,6401.7
2018-10-19 01:00:00,6402.75,6404.78,6380.77,6383.49,117.06,748105,6390.69
2018-10-19 02:00:00,6383.1,6408.84,6383.1,6395.14,62.65,400808.28,6397.5
2018-10-19 03:00:00,6395,6400.58,6384.86,6391.05,82.16,525222.42,6392.87
2018-10-19 04:00:00,6392.78,6401.74,6390.13,6398.38,35.32,225864.11,6394.15
2018-10-19 05:00:00,6398.38,6398.38,6369.79,6369.98,107.01,682819.4,6380.86
2018-10-19 06:00:00,6369.98,6377.35,6359.29,6362.93,65.19,415102.05,6367.23
2018-10-19 07:00:00,6362.95,6376.55,6358.5,6360.68,106.03,675173.78,6367.6
2018-10-19 08:00:00,6359.02,6390,6355.99,6382.97,183.74,1171736.82,6377.08
2018-10-19 09:00:00,6379.54,6394.88,6375,6377.88,84.76,541175.41,6384.85
2018-10-19 10:00:00,6375.1,6402.24,6375.1,6394.33,148.07,946179.24,6389.89
2018-10-19 11:00:00,6384.59,6392.03,6378.77,6388.21,103.97,663817.42,6384.96
2018-10-19 12:00:00,6389.45,6389.45,6361.1,6376.98,168,1070815.55,6374.09
2018-10-19 13:00:00,6377.54,6391,6372.59,6383.31,115.92,739518.92,6379.57
2018-10-19 14:00:00,6383.31,6388.61,6372.44,6374,114.19,728500.36,6379.49
2018-10-19 15:00:00,6374,6388.1,6368.31,6385.58,121.45,774811.59,6379.55
2018-10-19 16:00:00,6385,6397.21,6376,6391.31,136.85,874476.03,6390.1
2018-10-19 17:00:00,6388,6393.27,6379.52,6390.46,74.44,475468.97,6387.6
2018-10-19 18:00:00,6388.01,6396.58,6387.6,6396.58,66.07,422410.2,6393.56
2018-10-19 19:00:00,6396.57,6396.58,6379.81,6386.45,113.23,723360.28,6388.22
2018-10-19 20:00:00,6386.45,6388.03,6375,6381.24,112.03,714794.15,6380.59
2018-10-19 21:00:00,6381.24,6393.09,6381.08,6384.17,40.49,258606.06,6386.48
2018-10-19 22:00:00,6384.17,6395,6380,6382.34,39.28,250766.51,6384.38
2018-10-19 23:00:00,6382.34,6389.5,6380.46,6383.46,21.14,134999.23,6384.62
2018-10-20 00:00:00,6380.47,6381.84,6363.33,6367.31,32.81,209026.96,6370.75
2018-10-20 01:00:00,6367.31,6393.52,6363.02,6385.31,71.52,456245.66,6379.69
2018-10-20 02:00:00,6385.31,6400,6378,6378.56,71.02,453996.76,6392.34
2018-10-20 03:00:00,6378,6389.44,6373.73,6379.19,28.68,182953.5,6379.89
2018-10-20 04:00:00,6383.33,6388.93,6380.67,6387.81,7.3,46592.68,6383.5
2018-10-20 05:00:00,6387.58,6389.44,6384.16,6389.44,100.05,639016.75,6387.09
2018-10-20 06:00:00,6389.44,6424.16,6387.03,6408.48,216.81,1389304.84,6407.94
2018-10-20 07:00:00,6409.1,6416,6399.09,6408.26,73.06,468093.28,6406.72
2018-10-20 08:00:00,6408.26,6415.29,6393.63,6399.32,145.67,932971.16,6404.71
2018-10-20 09:00:00,6409,6417.6,6395.8,6401.34,42.9,274628.78,6402.16
2018-10-20 10:00:00,6400.85,6405.71,6392.3,6403.56,42.55,272262.57,6399.33
2018-10-20 11:00:00,6403.56,6412.42,6400.24,6411.52,30.56,195797.65,6407.08
2018-10-20 12:00:00,6411.52,6411.52,6397.41,6404.86,10.02,64184.44,6404.2
2018-10-20 13:00:00,6404.86,6410.92,6404.86,6408.04,13.36,85640.89,6408.22
2018-10-20 14:00:00,6408.04,6408.04,6399.77,6403.83,27.15,173794.43,6401.12
2018-10-20 15:00:00,6403.83,6405,6392.27,6397.15,47.83,306135.46,6400.13
2018-10-20 16:00:00,6393.24,6402.71,6390,6399.84,55.78,356830.69,6396.69
2018-10-20 17:00:00,6399.84,6401.25,6387,6394.83,38.94,248931,6393.02
2018-10-20 18:00:00,6397.52,6398.99,6387,6394.09,42.13,269254.7,6391.23
2018-10-20 19:00:00,6392.87,6399.61,6387,6399.17,45.35,289875.75,6391.52
2018-10-20 20:00:00,6399.17,6406.03,6399.17,6403.9,18.78,120238.66,6403.86
2018-10-20 21:00:00,6406.06,6406.22,6402.9,6403,33.62,215281.39,6403.75
2018-10-20 22:00:00,6403,6413.56,6393.59,6409.68,37.87,242448.44,6401.45
2018-10-20 23:00:00,6409.65,6416.67,6397.92,6412.86,28.22,180707.16,6403.02
2018-10-21 00:00:00,6412.86,6423.36,6405.35,6423.36,17.33,111219.02,6416.15
2018-10-21 01:00:00,6423.35,6470,6415.79,6437.97,229.96,1481617.24,6442.96
2018-10-21 02:00:00,6435.87,6440.34,6420.26,6429.82,77.2,496403.56,6430.27
2018-10-21 03:00:00,6429.82,6437.55,6425.57,6437.55,16.96,109056.21,6430.67
2018-10-21 04:00:00,6437.55,6439.01,6425.51,6429.4,31.94,205464.61,6432.87
2018-10-21 05:00:00,6429.38,6429.39,6423.21,6427.99,8.87,56994.95,6426.72
2018-10-21 06:00:00,6427.99,6430.28,6425.23,6425.23,11.84,76113.23,6427.94
2018-10-21 07:00:00,6427.55,6431.69,6426.72,6429,64.78,416487.4,6429.1
2018-10-21 08:00:00,6427.71,6434.18,6423.6,6434.18,46.78,300742.26,6428.85
2018-10-21 09:00:00,6434.18,6449.1,6432.8,6444.66,21.71,139805.09,6438.46
2018-10-21 10:00:00,6442.05,6451.33,6441.1,6444.66,22.3,143746.44,6446.36
2018-10-21 11:00:00,6441.35,6444.91,6421.48,6431.53,93.78,603036.7,6430.31
2018-10-21 12:00:00,6431.53,6442,6427.49,6436.17,29.9,192438.98,6435.21
2018-10-21 13:00:00,6438.32,6457.06,6432.17,6445.66,154.94,997909.62,6440.82
2018-10-21 14:00:00,6449.33,6457.07,6442.4,6445.91,60.17,387956.4,6447.53
2018-10-21 15:00:00,6445.39,6445.95,6435.08,6440.97,146.82,945776.19,6441.76
2018-10-21 16:00:00,6445.18,6445.95,6436.71,6437.43,41.75,268902.01,6440.94
2018-10-21 17:00:00,6437.43,6444.98,6428,6439.36,64.78,416802.43,6433.79
2018-10-21 18:00:00,6441.29,6441.3,6431.99,6436.16,46.41,298763.59,6437.58
2018-10-21 19:00:00,6436.16,6442.67,6432.67,6438.89,39.2,252316,6436.97
2018-10-21 20:00:00,6434.81,6438.9,6433.33,6437.22,5.44,34988.56,6435.69
2018-10-21 21:00:00,6437.21,6437.35,6430.6,6434.62,21.56,138754.88,6435.93
2018-10-21 22:00:00,6426.01,6435.02,6405.24,6413.56,109.6,703531.74,6418.91
2018-10-21 23:00:00,6414.14,6421.81,6401.01,6413.38,176.99,1135153.45,6413.71
2018-10-22 00:00:00,6412.62,6412.62,6388.99,6406.94,124.36,796008.97,6400.81
2018-10-22 01:00:00,6405.57,6421.48,6400.58,6418.43,69.11,443320.81,6414.49
2018-10-22 02:00:00,6418.43,6418.43,6410,6410.86,43.68,280129.71,6413.51
2018-10-22 03:00:00,6411.1,6413.73,6405.06,6413.72,28.89,185223.26,6410.99
2018-10-22 04:00:00,6413.22,6429.23,6412.05,6419.66,132.42,850392.77,6422
2018-10-22 05:00:00,6419.66,6427.16,6419.18,6419.18,34.79,223400.44,6421.63
2018-10-22 06:00:00,6419.18,6422.2,6415.6,6417.79,62.21,399394.6,6420.56
2018-10-22 07:00:00,6417.79,6420.28,6401,6408.64,138.78,889889.78,6412.35
2018-10-22 08:00:00,6407.92,6410.42,6393.36,6396.82,234.15,1498409.78,6399.27
2018-10-22 09:00:00,6399.99,6407.58,6397.5,6398.53,103.4,662035.59,6402.51
2018-10-22 10:00:00,6398.35,6414.27,6394.66,6400.69,162.58,1040691.69,6401.21
2018-10-22 11:00:00,6400,6404.86,6397.3,6399.55,103.44,661983.97,6399.55
2018-10-22 12:00:00,6399.55,6403.41,6390.28,6399.01,45.99,294218.99,6396.8
2018-10-22 13:00:00,6399.01,6402.9,6372.53,6400.22,220.53,1408427.08,6386.55
2018-10-22 14:00:00,6400.22,6403.57,6384.97,6392.14,90.94,581330.06,6392.76
2018-10-22 15:00:00,6392.14,6409.12,6390.11,6394.84,131.48,841707.77,6401.63
2018-10-22 16:00:00,6394.84,6407.69,6394.84,6404,120.06,768275.99,6399.2
2018-10-22 17:00:00,6404,6409.75,6396.99,6402.05,94.65,606125.51,6403.75
2018-10-22 18:00:00,6402,6404.75,6390.18,6391.17,78.9,504784.61,6397.49
2018-10-22 19:00:00,6394.6,6398.38,6385.84,6389.73,89.73,573544.33,6391.92
2018-10-22 20:00:00,6390.85,6415,6388.18,6413.05,128.51,822862.9,6403.28
2018-10-22 21:00:00,6408.08,6415,6397.52,6402.16,54.98,352273.15,6407.46
2018-10-22 22:00:00,6402.47,6411.91,6398.82,6408.54,37.17,238096.77,6405.35
2018-10-22 23:00:00,6406.41,6415,6402.89,6406.06,76.78,492185.55,6410.06
2018-10-23 00:00:00,6409.39,6414.72,6403.11,6409.85,50.7,325023.29,6410.25
2018-10-23 01:00:00,6410.3,6419.34,6409.08,6409.22,42.9,275075.34,6412.75
2018-10-23 02:00:00,6411.36,6411.68,6403.68,6410.85,28.11,180088.75,6407.49
2018-10-23 03:00:00,6410.85,6412.37,6383.9,6394.62,139.64,892956.31,6394.69
2018-10-23 04:00:00,6394.62,6406.34,6391.71,6406.33,52.53,336048.25,6397.04
2018-10-23 05:00:00,6406.33,6408,6395.43,6400.12,92.62,593029.47,6402.79
2018-10-23 06:00:00,6402.09,6404.95,6393.5,6400,77.1,493283.59,6397.92
2018-10-23 07:00:00,6400,6403.63,6394.46,6397.07,174.42,1116184.3,6399.54
2018-10-23 08:00:00,6397.08,6404.32,6395.97,6402.2,90.93,582069.32,6401.08
2018-10-23 09:00:00,6401,6404.8,6372,6387.2,215.02,1373272.36,6386.84
2018-10-23 10:00:00,6386.28,6390.01,6354.26,6375.97,273.23,1741830.35,6374.99
2018-10-23 11:00:00,6375.97,6383,6371,6376.33,129.51,825962.51,6377.39
2018-10-23 12:00:00,6376.34,6394,6372.74,6392.61,61.48,392635.14,6386.22
2018-10-23 13:00:00,6392.62,6402.5,6385.15,6391.49,170.87,1092377.62,6393.17
2018-10-23 14:00:00,6388.65,6392.78,6379.37,6384.49,66.25,422995.92,6384.82
2018-10-23 15:00:00,6384.36,6401,6383.98,6387.31,110.34,704920.7,6388.42
2018-10-23 16:00:00,6387.31,6400.04,6387,6397.18,146.37,935795.86,6393.26
2018-10-23 17:00:00,6394,6397.33,6381.5,6385.61,101.25,646617.12,6386.11
2018-10-23 18:00:00,6384.01,6401.03,6383.7,6392.04,148.02,946287.63,6393.13
2018-10-23 19:00:00,6396.47,6421.58,6389.2,6406.87,359.7,2305149.24,6408.51
2018-10-23 20:00:00,6404.01,6409.58,6389.27,6391.25,120.14,768778.06,6398.97
2018-10-23 21:00:00,6391.25,6405,6389.27,6394.3,57.37,367003.43,6396.73
2018-10-23 22:00:00,6394.3,6398.73,6385,6387.92,76.18,486881.16,6391.55
2018-10-23 23:00:00,6387.25,6405,6387.25,6393.41,66.32,424236.84,6396.4
2018-10-24 00:00:00,6396.24,6405,6393,6402.58,88.06,563685.24,6401.08
2018-10-24 01:00:00,6402.59,6411.9,6398.73,6399.97,92.08,589752.3,6404.78
2018-10-24 02:00:00,6402.71,6410.07,6397.47,6409.83,86.22,552129.64,6403.69
2018-10-24 03:00:00,6409.83,6427,6402.62,6417.11,205.41,1317465.32,6413.82
2018-10-24 04:00:00,6416.73,6473,6402.13,6458.28,471.24,3035732.62,6441.95
2018-10-24 05:00:00,6454.1,6459.24,6436.74,6441.19,115.42,744361.05,6449.02
2018-10-24 06:00:00,6438.66,6450.18,6433.8,6433.8,430.71,2776625.61,6446.61
2018-10-24 07:00:00,6431.19,6439.6,6427.28,6437.51,79.7,512585.89,6431.27
2018-10-24 08:00:00,6436.48,6439.5,6427.95,6429.53,81.46,524048.48,6432.83
2018-10-24 09:00:00,6431.05,6434.25,6422.97,6433.62,176.59,1135371.69,6429.31
2018-10-24 10:00:00,6433.62,6451.64,6433.25,6439.2,185.49,1195365.5,6444.3
2018-10-24 11:00:00,6439,6439,6420.87,6425.72,113.37,728851.57,6428.93
2018-10-24 12:00:00,6427.4,6436.11,6422.24,6435.41,102.08,656300.48,6429.42
2018-10-24 13:00:00,6436.11,6442.98,6427.94,6440.01,108.6,699065.36,6437.32
2018-10-24 14:00:00,6440.01,6440.08,6427.5,6433.98,169.44,1090230.25,6434.37
2018-10-24 15:00:00,6433.61,6436.16,6413.59,6419,187.24,1202638.15,6423.08
2018-10-24 16:00:00,6414.89,6428.48,6413.2,6421.06,96.49,619701.15,6422.24
2018-10-24 17:00:00,6420.98,6428.46,6413.21,6426.93,69.44,446197.6,6426.02
2018-10-24 18:00:00,6426.92,6429.41,6423,6424.69,75.05,482380.11,6427.03
2018-10-24 19:00:00,6426.28,6427.28,6412.62,6421.33,211.77,1359353.74,6418.89
2018-10-24 20:00:00,6421.32,6435.8,6419.48,6422.72,124.79,801887.33,6425.94
2018-10-24 21:00:00,6422.72,6431.23,6420,6430.16,83.74,538062.67,6425.25
2018-10-24 22:00:00,6426.91,6428.6,6416.41,6419.63,64.38,413475.6,6422.78
2018-10-24 23:00:00,6417.74,6418.32,6401.04,6411.96,116.55,747027.85,6409.41
2018-10-25 00:00:00,6411.96,6422.73,6407.99,6422.16,70.46,451746.33,6411.43
2018-10-25 01:00:00,6422.12,6422.12,6361.73,6385.14,468.98,2996550.79,6389.45
2018-10-25 02:00:00,6385.14,6395.87,6377.84,6392.07,319.43,2039874.36,6385.96
2018-10-25 03:00:00,6393.38,6394.22,6380.41,6389.91,111.95,715243.37,6388.94
2018-10-25 04:00:00,6389.91,6397.21,6386.01,6394.48,108,690265.72,6391.51
2018-10-25 05:00:00,6394.48,6396.43,6383.48,6393,78.7,503013.1,6391.45
2018-10-25 06:00:00,6389.13,6402.8,6389.13,6402.44,144.61,925237.42,6398.2
2018-10-25 07:00:00,6402.8,6406.62,6393.74,6398.94,170.98,1094850.64,6403.41
2018-10-25 08:00:00,6398.93,6410.68,6397.01,6403.37,145.07,929332.94,6406.13
2018-10-25 09:00:00,6403.08,6405.74,6388.9,6396.2,112.84,722131.36,6399.59
2018-10-25 10:00:00,6395.27,6398.44,6390.53,6394.17,123.11,787283.94,6395.14
2018-10-25 11:00:00,6393.9,6404.62,6387.38,6391.18,108.49,694142.6,6398.02
2018-10-25 12:00:00,6391.31,6403.58,6391.31,6402.49,65.93,421867.69,6399.14
2018-10-25 13:00:00,6402.49,6410,6395,6405,73.17,468582.64,6403.73
2018-10-25 14:00:00,6406.65,6412.14,6397.12,6398.08,87.76,561994.65,6404.01
2018-10-25 15:00:00,6399.69,6401.94,6389.48,6396.18,130.7,836015.81,6396.38
2018-10-25 16:00:00,6397.81,6404.95,6395.01,6400,57.03,365085.42,6401.33
2018-10-25 17:00:00,6400,6400.53,6394.59,6398.79,55.01,351933.71,6398
2018-10-25 18:00:00,6398.8,6413.18,6397.78,6412.4,181.76,1164124.72,6404.61
2018-10-25 19:00:00,6412.2,6413.2,6408,6410,158.95,1018962.74,6410.73
2018-10-25 20:00:00,6410,6410.74,6397.12,6398.01,139.61,894495.28,6407.17
2018-10-25 21:00:00,6398.02,6402.8,6390.02,6397.63,89.85,574878.66,6397.86
2018-10-25 22:00:00,6397.78,6412.85,6391.39,6408.45,16.97,108715.98,6406.24
2018-10-25 23:00:00,6412.84,6413.19,6391.72,6393.53,27.24,174400.37,6401.72
2018-10-26 00:00:00,6393.38,6402.2,6386.41,6400.17,112.2,717850.23,6397.69
2018-10-26 01:00:00,6400.18,6403.76,6389.92,6391.8,51.48,329354.55,6398.12
2018-10-26 02:00:00,6391.8,6396.01,6385.57,6394.03,49.8,318266.62,6391.24
2018-10-26 03:00:00,6394.04,6398.54,6385.45,6389.2,23.22,148435.73,6392.21
2018-10-26 04:00:00,6389.2,6390,6382.69,6388,26.43,168791.19,6387.15
2018-10-26 05:00:00,6387.43,6395,6385.32,6394.79,44.81,286350.77,6390.26
2018-10-26 06:00:00,6394.79,6395,6390.88,6391,34.99,223736.13,6394.38
2018-10-26 07:00:00,6391,6395,6377.81,6385.68,173.12,1105439.37,6385.22
2018-10-26 08:00:00,6382.72,6450.3,6382.5,6430.42,305.68,1965649.06,6430.51
2018-10-26 09:00:00,6430.42,6436,6407.85,6411.77,742.88,4776030.68,6429.07
2018-10-26 10:00:00,6411.76,6419.87,6409.16,6415.01,57.84,370984.68,6413.74
2018-10-26 11:00:00,6417.43,6420,6415,6417.72,66.24,425083.14,6417.8
2018-10-26 12:00:00,6417.72,6418.82,6399.03,6405.43,238.33,1526477.8,6404.93
2018-10-26 13:00:00,6405.43,6419.99,6388.38,6396,155.2,993422.06,6401.1
2018-10-26 14:00:00,6396,6407.27,6383.76,6405.75,290.22,1856497.48,6396.76
2018-10-26 15:00:00,6404.5,6414.22,6390.82,6394.96,224.19,1435506.38,6403.17
2018-10-26 16:00:00,6393.83,6410.13,6393.73,6406.8,140.96,902295.86,6401.15
2018-10-26 17:00:00,6404.44,6410.24,6401.37,6405.79,102.58,657203.73,6406.81
2018-10-26 18:00:00,6408.09,6408.09,6397.34,6403.61,51.76,331327.1,6401.23
2018-10-26 19:00:00,6403.61,6403.78,6394.64,6403.78,217.77,1393604.25,6399.35
2018-10-26 20:00:00,6402.96,6405,6399.99,6402.07,102.86,658507.89,6402.05
2018-10-26 21:00:00,6402.07,6409.07,6388.54,6402.01,76.06,486827.91,6400.85
2018-10-26 22:00:00,6402,6407.16,6399.77,6403,8.02,51356.73,6405
2018-10-26 23:00:00,6403.01,6406.1,6400.08,6406.1,27.2,174203.02,6403.93
2018-10-27 00:00:00,6406.1,6412.36,6404.19,6404.63,22.41,143607.41,6409.26
2018-10-27 01:00:00,6407.85,6415.42,6405.92,6414.52,30.62,196389.04,6413.38
2018-10-27 02:00:00,6413.02,6415.92,6408.52,6409.7,41.09,263499.25,6412.45
2018-10-27 03:00:00,6411.13,6420,6410.02,6413.54,22.21,142507.02,6415.45
2018-10-27 04:00:00,6416.51,6419.94,6409.99,6416.16,29.52,189422.21,6415.79
2018-10-27 05:00:00,6416.33,6420,6412.29,6412.3,34.62,222157.54,6417.87
2018-10-27 06:00:00,6412.3,6420.01,6412.3,6414.02,83.26,534371.72,6418.09
2018-10-27 07:00:00,6414.02,6417.78,6412.05,6414.66,19.93,127801.48,6414.1
2018-10-27 08:00:00,6414.66,6416.75,6405.57,6409.91,32,205193.35,6411.66
2018-10-27 09:00:00,6409.48,6412.68,6404.24,6411.72,11.01,70553.56,6410.34
2018-10-27 10:00:00,6407.19,6411.96,6402.25,6404.85,36.49,233762.21,6405.86
2018-10-27 11:00:00,6403.2,6405.12,6397.13,6403.91,29.18,186811.42,6401.47
2018-10-27 12:00:00,6403.91,6407.82,6398.9,6404.32,8.96,57396.72,6405.48
2018-10-27 13:00:00,6404.33,6407.98,6397.13,6397.13,19.77,126590.99,6403.88
2018-10-27 14:00:00,6401.06,6401.07,6386.6,6396.62,85.08,544125.95,6395.19
2018-10-27 15:00:00,6396.62,6401.04,6381.25,6398.49,139.67,892929.11,6393.21
2018-10-27 16:00:00,6398.46,6401.04,6382.72,6401.04,37.95,242718.4,6395.61
2018-10-27 17:00:00,6401.04,6407.4,6393.7,6407.36,17.7,113330.37,6402.14
2018-10-27 18:00:00,6405.41,6405.41,6395,6398.86,21.96,140568.44,6401.53
2018-10-27 19:00:00,6398.85,6405,6391.15,6402,45.5,291067.41,6397.06
2018-10-27 20:00:00,6402,6409,6391.23,6403.28,40.32,257982.75,6398.32
2018-10-27 21:00:00,6406.38,6410.74,6402.71,6410,33.97,217641.71,6407.59
2018-10-27 22:00:00,6410,6420,6405,6413.55,24.74,158666.37,6413.74
2018-10-27 23:00:00,6413.54,6414,6403.61,6407.66,22.17,142016.18,6406.31
2018-10-28 00:00:00,6407.66,6408.22,6400.93,6403.6,15.03,96268.75,6403.88
2018-10-28 01:00:00,6403.61,6406.32,6403.59,6406.32,9.07,58077.28,6405.85
2018-10-28 02:00:00,6406.32,6406.67,6405,6406.32,38.3,245362.45,6406.26
2018-10-28 03:00:00,6406.33,6406.37,6405.18,6406.36,12.28,78695.28,6405.99
2018-10-28 04:00:00,6406.36,6407.99,6405.87,6406.38,20.51,131416.88,6407.09
2018-10-28 05:00:00,6406.43,6410.88,6405.87,6410.88,10.39,66576.31,6408.51
2018-10-28 06:00:00,6411.29,6412.91,6401.36,6403.53,55.3,354390.04,6408.72
2018-10-28 07:00:00,6405.08,6406.77,6395.92,6400.28,71.85,459997.49,6402.13
2018-10-28 08:00:00,6400.29,6406.77,6400,6406.48,24.29,155509.59,6403.03
2018-10-28 09:00:00,6405.34,6406.77,6401.89,6406,21.11,135192.88,6405.26
2018-10-28 10:00:00,6406,6406.77,6400,6402.93,6.66,42626.29,6403.53
2018-10-28 11:00:00,6402.93,6402.93,6398.7,6398.7,17.25,110437.37,6400.32
2018-10-28 12:00:00,6398.7,6404.69,6398.69,6404.68,22.39,143276.98,6400.32
2018-10-28 13:00:00,6404.68,6410,6401.99,6405.49,43.14,276382.91,6405.92
2018-10-28 14:00:00,6405.49,6406.29,6400,6403.46,21.41,137087.09,6403.05
2018-10-28 15:00:00,6403.46,6405.56,6396.78,6396.78,41.33,264584.05,6401.93
2018-10-28 16:00:00,6393.83,6404.45,6388.26,6404.45,61.91,395983.95,6396.38
2018-10-28 17:00:00,6404.1,6405.97,6396.33,6399.73,28.63,183374.2,6404.48
2018-10-28 18:00:00,6396.15,6402.68,6390.82,6399.24,25.48,162953.88,6395.59
2018-10-28 19:00:00,6396.23,6403.69,6383,6390.95,28.05,179332.88,6393.39
2018-10-28 20:00:00,6390.95,6398.37,6383.01,6397.38,23.83,152372.44,6393.89
2018-10-28 21:00:00,6397.38,6397.85,6386.53,6393.69,11.34,72541.58,6394.23
2018-10-28 22:00:00,6393.64,6401.41,6390.62,6395.81,85.91,549531.8,6396.63
2018-10-28 23:00:00,6397.52,6420,6393.19,6405.57,143.84,921509.94,6406.65
2018-10-29 00:00:00,6404.27,6407.71,6400.01,6402.91,36.75,235310.79,6403.4
2018-10-29 01:00:00,6404.07,6406.36,6398.36,6404.77,44.16,282673.24,6401.23
2018-10-29 02:00:00,6404.77,6416.63,6404.75,6411.92,105.76,677952.95,6410.33
2018-10-29 03:00:00,6412.75,6420,6405.42,6409.64,88.14,565237.55,6413.08
2018-10-29 04:00:00,6411.14,6411.14,6402.46,6407.1,43.03,275689.26,6406.69
2018-10-29 05:00:00,6402.51,6410,6401.89,6404.72,38.22,244816.75,6405.48
2018-10-29 06:00:00,6403.47,6404.72,6397.18,6399.31,54.19,346859.94,6400.96
2018-10-29 07:00:00,6398.92,6400.51,6393.96,6393.96,127.22,813879.89,6397.19
2018-10-29 08:00:00,6393.96,6400.22,6387.46,6391.19,77.89,498002.59,6393.48
2018-10-29 09:00:00,6391.24,6395.88,6380.01,6385.37,173.95,1110893.37,6386.38
2018-10-29 10:00:00,6385.39,6397.12,6383,6389.15,125.53,802077.07,6389.59
2018-10-29 11:00:00,6390.49,6395.06,6261,6333.05,1317.24,8321764.8,6317.57
2018-10-29 12:00:00,6333.05,6333.63,6208.37,6259.35,954.28,5966653.02,6252.49
2018-10-29 13:00:00,6257.17,6302.08,6255.05,6267.64,624.39,3914618.07,6269.46
2018-10-29 14:00:00,6267.64,6274.7,6260,6264,179.07,1122240.12,6266.99
2018-10-29 15:00:00,6267.49,6281.99,6266.83,6281.2,89.95,564474.89,6275.58
2018-10-29 16:00:00,6279,6281.2,6255.05,6272.71,185.66,1164004.41,6269.47
2018-10-29 17:00:00,6274.56,6276.5,6246.63,6265.29,282.83,1771145.77,6262.25
2018-10-29 18:00:00,6265.29,6269.16,6260.72,6267.53,37.15,232710.49,6264.25
2018-10-29 19:00:00,6265.01,6267.54,6227.8,6245.03,270.62,1690519.2,6246.93
2018-10-29 20:00:00,6242.81,6263.46,6232.92,6244.81,144.16,901438.84,6253.14
2018-10-29 21:00:00,6243.41,6249.03,6231.78,6241.22,82.24,513109.45,6239.22
2018-10-29 22:00:00,6241.22,6264.74,6235.87,6258.51,68.33,427471.79,6255.73
2018-10-29 23:00:00,6264.7,6267.66,6250.67,6266.52,40.06,250801.87,6260.94
2018-10-30 00:00:00,6266.47,6269.44,6256.55,6264.64,32.04,200703.61,6264.06
2018-10-30 01:00:00,6264.57,6269.37,6250.51,6257.08,109.54,685735.33,6259.99
2018-10-30 02:00:00,6257.08,6264.41,6250.26,6260,65.2,408094.18,6258.76
2018-10-30 03:00:00,6260,6285.83,6256.8,6271.87,156.09,979184.47,6273.4
2018-10-30 04:00:00,6271.87,6289,6269.81,6289,139.64,877091.11,6281.28
2018-10-30 05:00:00,6289,6289,6269.99,6275.64,78.86,494970.73,6276.63
2018-10-30 06:00:00,6275.64,6281.98,6270.45,6281.98,57.03,358036,6278.04
2018-10-30 07:00:00,6283.59,6284.95,6267.52,6271.35,55.08,345564.39,6273.78
2018-10-30 08:00:00,6268.27,6271.86,6249.74,6255.39,92.03,576073.63,6259.72
2018-10-30 09:00:00,6252.16,6258.9,6244.97,6249.19,140.3,877063.12,6251.54
2018-10-30 10:00:00,6249.2,6254.38,6249.19,6253,72.94,455977.87,6251.77
2018-10-30 11:00:00,6253,6263.9,6240,6260.82,181.27,1133461.87,6252.88
2018-10-30 12:00:00,6258.4,6277.47,6258.4,6267.99,108.87,682240.81,6266.42
2018-10-30 13:00:00,6265.14,6268,6258.4,6258.4,89.25,558898.87,6262.2
2018-10-30 14:00:00,6258.4,6262.34,6251.99,6257.79,198.9,1244629.3,6257.54
2018-10-30 15:00:00,6256,6269.59,6256,6269.59,105.73,662344.73,6264.62
2018-10-30 16:00:00,6266.62,6271.83,6260.6,6265.24,92.09,576944.44,6264.68
2018-10-30 17:00:00,6263.69,6266.03,6256,6259.13,96.5,604145.49,6260.68
2018-10-30 18:00:00,6259.13,6260.13,6245.36,6256.49,169.43,1059793.29,6254.91
2018-10-30 19:00:00,6256.45,6270.6,6250.19,6259.01,171.32,1072192.28,6258.56
2018-10-30 20:00:00,6258.38,6274.62,6252.36,6265.2,93.19,583259.21,6258.63
2018-10-30 21:00:00,6263.8,6275.99,6260.01,6265.02,85.03,533078.05,6269.38
2018-10-30 22:00:00,6265.02,6285,6260,6273.94,84.23,528311.62,6272.41
2018-10-30 23:00:00,6272.68,6279.4,6264.04,6269.46,49.03,307401.96,6270.15
2018-10-31 00:00:00,6269.45,6279.47,6266.21,6272.15,107.34,673177.01,6271.62
2018-10-31 01:00:00,6272.15,6276.93,6257.62,6260.01,152.07,952929.98,6266.47
2018-10-31 02:00:00,6260.01,6270.84,6257.62,6269.36,96.15,602382.67,6264.88
2018-10-31 03:00:00,6269.36,6273.14,6259.01,6268.29,67.61,423793.62,6268.47
2018-10-31 04:00:00,6268.01,6269.46,6262.7,6266.25,74.67,467952.94,6267.33
2018-10-31 05:00:00,6267.71,6269.84,6261.44,6267.34,94,588965.08,6265.53
2018-10-31 06:00:00,6267.33,6270.84,6261,6263,160.94,1008470.82,6266.21
2018-10-31 07:00:00,6263,6266.93,6261.51,6264,91.19,571261.63,6264.82
2018-10-31 08:00:00,6264,6270.01,6261.5,6264,210.42,1318544.92,6266.18
2018-10-31 09:00:00,6261.51,6264,6252.87,6253.11,118.14,739461.19,6259.43
2018-10-31 10:00:00,6253.1,6267,6253.1,6264.52,102.56,642140.37,6261.18
2018-10-31 11:00:00,6260.48,6269.19,6260.48,6268,83.5,523281.76,6266.67
2018-10-31 12:00:00,6268.11,6271.81,6262,6262,144.84,908043.3,6269.25
2018-10-31 13:00:00,6260.41,6263.83,6240.59,6249.67,196.8,1230629.16,6253.23
2018-10-31 14:00:00,6249.19,6256.85,6215.01,6216.31,323.75,2018833.27,6235.79
2018-10-31 15:00:00,6218.02,6350,6199.25,6330.57,1302.26,8170146.86,6273.82
2018-10-31 16:00:00,6330.53,6331.9,6294.01,6312.01,745.82,4705113.05,6308.62
2018-10-31 17:00:00,6312.01,6326.27,6293.55,6296.69,613.82,3873706.34,6310.78
2018-10-31 18:00:00,6294.94,6309.97,6291.35,6302.78,117.57,741020.26,6302.55
2018-10-31 19:00:00,6302.92,6307.45,6295.27,6305,76.03,479159.12,6302.64
2018-10-31 20:00:00,6305,6309.1,6295.21,6304.31,52.54,331186.61,6303.69
2018-10-31 21:00:00,6296.55,6305.65,6288.4,6305,57.95,365012.95,6298.58
2018-10-31 22:00:00,6300.69,6317.36,6296.27,6305.37,95.11,599906.12,6307.4
2018-10-31 23:00:00,6305.27,6310.81,6298.17,6303.27,63.01,397164.65,6303.04
2018-11-01 00:00:00,6304.5,6308.66,6293.22,6302.34,103.15,649882.55,6300.36
2018-11-01 01:00:00,6305.77,6308.53,6300.56,6304.43,46.16,290965.41,6303.69
2018-11-01 02:00:00,6303.16,6307.35,6296.26,6303.17,42.31,266635.36,6301.67
2018-11-01 03:00:00,6300.53,6303.26,6294.12,6294.13,18.27,115020.29,6296.76
2018-11-01 04:00:00,6294.13,6301.06,6294.12,6301.06,43.74,275474.66,6298.28
2018-11-01 05:00:00,6301.06,6305.37,6288.01,6295.92,53.97,339993.98,6299.2
2018-11-01 06:00:00,6295.42,6310,6292.99,6307.01,63.66,401463.55,6306.03
2018-11-01 07:00:00,6305.86,6311.34,6298.09,6310.34,58.24,367279.68,6306.41
2018-11-01 08:00:00,6310.34,6311.34,6301.3,6304.62,71.05,448058.65,6306.41
2018-11-01 09:00:00,6304.62,6310,6304.62,6310,180.88,1140934.27,6307.57
2018-11-01 10:00:00,6308,6312,6305.53,6309.03,127.32,803239.62,6308.77
2018-11-01 11:00:00,6309.02,6310.78,6306.88,6309.54,32.14,202763.38,6309.28
2018-11-01 12:00:00,6309.56,6312,6301.32,6306.06,118.37,746429.59,6306.1
2018-11-01 13:00:00,6305.71,6307.56,6300,6305.59,53.99,340375.93,6303.86
2018-11-01 14:00:00,6302.52,6310.01,6301.55,6307.48,50.3,317174.25,6306.17
2018-11-01 15:00:00,6307.48,6310,6304,6307.36,85.62,539982.78,6306.93
2018-11-01 16:00:00,6305.01,6307.93,6304,6306.99,110.48,696553.63,6304.56
2018-11-01 17:00:00,6308.74,6311.54,6298.94,6311.44,80.79,509621.16,6307.92
2018-11-01 18:00:00,6311,6319.46,6307.61,6314.39,54.59,344614.36,6313.13
2018-11-01 19:00:00,6313.02,6340,6313.02,6320.6,306.65,1940498.36,6328
2018-11-01 20:00:00,6320.6,6342.38,6317.31,6328.98,138.63,877348.75,6328.57
2018-11-01 21:00:00,6338.32,6365.33,6328.03,6347.94,156.14,990388.99,6343.01
2018-11-01 22:00:00,6347.78,6353.64,6332.15,6339.43,40.83,258825.03,6339.84
2018-11-01 23:00:00,6339.36,6348.83,6330.81,6340.99,153.69,974835.2,6342.72
2018-11-02 00:00:00,6343.85,6381.25,6340.88,6379.59,272.35,1731919.15,6359.22
2018-11-02 01:00:00,6379.59,6381.25,6361.65,6362.86,161.65,1030048.68,6372.05
2018-11-02 02:00:00,6362.86,6368.73,6348.45,6355.03,51.77,328992.08,6355.08
2018-11-02 03:00:00,6354.83,6356.73,6350.31,6356.31,50.05,317968.52,6353.16
2018-11-02 04:00:00,6356.44,6365.2,6351.78,6351.78,44.13,280562.43,6358.33
2018-11-02 05:00:00,6354.35,6355.88,6348.86,6352.91,38.95,247430.02,6352.5
2018-11-02 06:00:00,6351.42,6353.34,6346.48,6348.66,63.89,405741.81,6350.31
2018-11-02 07:00:00,6348.66,6351.29,6341.32,6347.81,70.08,444721.66,6346.22
2018-11-02 08:00:00,6347.81,6349.75,6339,6342.95,165.55,1050489.17,6345.52
2018-11-02 09:00:00,6342.5,6344.31,6328.33,6342.04,159.34,1009971.61,6338.35
2018-11-02 10:00:00,6339.79,6347.04,6333.33,6340.28,260.14,1648999.99,6338.96
2018-11-02 11:00:00,6340.28,6352.75,6339.97,6350.59,191.91,1217809.26,6345.72
2018-11-02 12:00:00,6351.36,6352.89,6340,6347.85,80.44,510576.46,6347.64
2018-11-02 13:00:00,6346.17,6364.68,6345.38,6355.63,189.73,1206034.13,6356.45
2018-11-02 14:00:00,6355.62,6365,6351,6365,137.74,876135.2,6360.82
2018-11-02 15:00:00,6364.89,6371.56,6354.89,6357,176.34,1122196.38,6363.65
2018-11-02 16:00:00,6357,6365,6348.05,6350,78.59,499539.27,6356.14
2018-11-02 17:00:00,6349.09,6356.78,6343.76,6346.97,104.58,664366.57,6352.7
2018-11-02 18:00:00,6346.51,6354.87,6345,6347.95,89.15,566011.21,6348.92
2018-11-02 19:00:00,6347.95,6360,6345,6355.74,77.91,494759.39,6350.77
2018-11-02 20:00:00,6350.37,6355.67,6348.32,6351.32,76.36,485017.06,6351.88
2018-11-02 21:00:00,6351.32,6364.98,6340.1,6349.35,78.05,495733.4,6351.8
2018-11-02 22:00:00,6349.35,6354.05,6342,6346.21,25.43,161440.71,6347.97
2018-11-02 23:00:00,6342.66,6354.83,6342.65,6350.43,33.95,215555.18,6348.79
2018-11-03 00:00:00,6350.05,6351.74,6340.53,6345.31,12.99,82468.88,6346.65
2018-11-03 01:00:00,6345.31,6350.08,6342.75,6346.61,12.62,80127.37,6347.25
2018-11-03 02:00:00,6347.22,6347.22,6335.13,6341.48,44.56,282475.25,6339.5
2018-11-03 03:00:00,6341.48,6341.48,6333.63,6336.07,49.26,312109.48,6336.35
2018-11-03 04:00:00,6336.59,6340.02,6332.02,6337.55,38.66,245002.5,6337.25
2018-11-03 05:00:00,6337.34,6339.41,6332,6339.41,22.69,143759.05,6335.89
2018-11-03 06:00:00,6339.39,6341.92,6337.28,6339.72,15.28,96851.71,6340.1
2018-11-03 07:00:00,6337.28,6340.42,6336.44,6339.3,30.79,195178.53,6338.58
2018-11-03 08:00:00,6336.44,6343.68,6335.91,6340,27.41,173801.63,6340.08
2018-11-03 09:00:00,6341,6342.8,6312.48,6333.53,265.68,1680896.97,6326.79
2018-11-03 10:00:00,6331.48,6331.53,6321.16,6330.73,38.69,244723.81,6325.97
2018-11-03 11:00:00,6330.23,6334.07,6317.51,6325.12,30.32,191876.6,6327.78
2018-11-03 12:00:00,6325.12,6334.95,6324.97,6329.33,27.6,174676.59,6328.19
2018-11-03 13:00:00,6329.33,6330,6314.11,6324,70.78,447454.47,6322.06
2018-11-03 14:00:00,6324,6339.89,6320.61,6330,20.62,130459.65,6327.35
2018-11-03 15:00:00,6329.03,6330.24,6327.01,6329.04,26.77,169429.09,6328.92
2018-11-03 16:00:00,6329.04,6329.83,6324.02,6328.02,12.84,81242.73,6328.44
2018-11-03 17:00:00,6328.02,6330.26,6324.86,6327,19.9,125909.07,6328.44
2018-11-03 18:00:00,6327,6330,6324.35,6329.95,20.16,127597.61,6328.23
2018-11-03 19:00:00,6329.95,6334.1,6326.47,6332.58,19,120268.27,6331.27
2018-11-03 20:00:00,6332.25,6345,6332.06,6340.53,58.2,368826.29,6337.01
2018-11-03 21:00:00,6336.33,6340.61,6329,6332.02,187.84,1190028.42,6335.45
2018-11-03 22:00:00,6335,6335,6325.01,6327.45,6.65,42094.13,6327.09
2018-11-03 23:00:00,6325.42,6335,6325.19,6335,24.83,157202.57,6330.18
2018-11-04 00:00:00,6333.59,6335,6310.57,6322.17,86.43,546340.31,6321.31
2018-11-04 01:00:00,6327.02,6334.3,6326.17,6328.83,1.47,9323.62,6327.11
2018-11-04 02:00:00,6330.05,6330.5,6322.55,6325.13,35.44,224207.67,6325.93
2018-11-04 03:00:00,6325.82,6331.97,6325.01,6330.44,50.56,319949.39,6328.06
2018-11-04 04:00:00,6330.44,6332,6326.17,6329.6,27.71,175395.37,6328.96
2018-11-04 05:00:00,6329.6,6331.56,6326.75,6331.55,19.6,124036.86,6329.68
2018-11-04 06:00:00,6331.58,6350,6324.4,6336.11,120.11,761439.43,6339.35
2018-11-04 07:00:00,6336.12,6339.92,6330.85,6330.85,32.66,206957.65,6337.04
2018-11-04 08:00:00,6330.86,6343.28,6330.86,6342.11,37.81,239583.19,6335.77
2018-11-04 09:00:00,6343.25,6343.25,6326.33,6331.33,53.94,341658.51,6333.71
2018-11-04 10:00:00,6330.62,6340.55,6330.41,6340.55,39.71,251602.52,6336.2
2018-11-04 11:00:00,6338.99,6349.98,6329.05,6341.1,45.92,291203.73,6342.07
2018-11-04 12:00:00,6341.1,6345.06,6336.95,6342.6,18.94,120163.65,6342.89
2018-11-04 13:00:00,6342.6,6356.8,6340.88,6349.34,51.69,328109.23,6347.47
2018-11-04 14:00:00,6342.52,6354.66,6340.92,6346.56,45.82,290871.03,6348.17
2018-11-04 15:00:00,6346,6450,6343.1,6434.84,418.87,2680351.75,6399.05
2018-11-04 16:00:00,6430.89,6438.97,6397.3,6400.26,302.72,1943356.95,6419.71
2018-11-04 17:00:00,6401.3,6422,6391.24,6413.53,120.62,772887.88,6407.88
2018-11-04 18:00:00,6414.28,6475,6412.17,6440,659.04,4247038.59,6444.26
2018-11-04 19:00:00,6439.21,6446.94,6410.25,6424.29,182.81,1175403.14,6429.55
2018-11-04 20:00:00,6424.29,6432.06,6407.42,6412.12,59.21,380238,6421.41
2018-11-04 21:00:00,6412.12,6425.16,6412.12,6413.2,64.26,412494.85,6419.07
2018-11-04 22:00:00,6413.2,6418.31,6402.27,6408.28,50.82,325663.93,6408.19
2018-11-04 23:00:00,6408.28,6430.72,6404,6421.76,147.64,948304.23,6423.07
2018-11-05 00:00:00,6428.23,6438.85,6411.97,6438.85,71.21,457587.57,6425.46
2018-11-05 01:00:00,6439.49,6441.43,6409.42,6419.39,104.96,674242.5,6424
2018-11-05 02:00:00,6419.4,6420.65,6410.17,6419.93,30.42,195230.59,6417.24
2018-11-05 03:00:00,6419.93,6421.95,6406.1,6406.1,25.48,163580.88,6419.24
2018-11-05 04:00:00,6402.18,6412.17,6398.68,6405.38,47.6,304893.66,6404.83
2018-11-05 05:00:00,6405.38,6410.54,6397.3,6406.1,79.57,509727.28,6405.89
2018-11-05 06:00:00,6406.09,6415,6406.09,6411.92,69.22,443917.58,6413.13
2018-11-05 07:00:00,6411.92,6412.34,6410.93,6411.96,15.14,97059.84,6411.44
2018-11-05 08:00:00,6411.95,6411.96,6386.21,6389.27,157.03,1004872.41,6399.29
2018-11-05 09:00:00,6389.27,6401.76,6387.58,6396.76,62.98,402887.97,6396.75
2018-11-05 10:00:00,6396.76,6406.54,6395.37,6398,103.25,660563.82,6397.9
2018-11-05 11:00:00,6397.99,6407.13,6395.36,6402.51,113.52,726660.78,6401.25
2018-11-05 12:00:00,6402.51,6410,6396.06,6398.06,167.55,1072996.91,6404.13
2018-11-05 13:00:00,6398.06,6429.23,6396,6409.24,178.42,1144242.05,6413.35
2018-11-05 14:00:00,6409.24,6420.5,6408.09,6408.13,64.99,416870.61,6414.32
2018-11-05 15:00:00,6408.14,6419.54,6402.11,6411.74,240.01,1538357.07,6409.5
2018-11-05 16:00:00,6411.74,6414.67,6399.8,6404.19,97.87,627096.51,6407.32
2018-11-05 17:00:00,6404.18,6404.58,6381.94,6388.07,142.62,911915.04,6394.05
2018-11-05 18:00:00,6389.05,6392.49,6369.89,6372.3,111.48,711270.71,6380.29
2018-11-05 19:00:00,6372.23,6387.66,6372.23,6380.54,94.11,600272.56,6378.57
2018-11-05 20:00:00,6380.53,6400.91,6379.08,6398.38,113.87,728035.2,6393.51
2018-11-05 21:00:00,6398.38,6402.02,6398.38,6401.91,88.51,566506.26,6400.61
2018-11-05 22:00:00,6401.92,6406.18,6381.19,6400.32,64.67,413423.68,6392.93
2018-11-05 23:00:00,6401.6,6411.17,6390.33,6403.2,91.01,582497.67,6400.54
2018-11-06 00:00:00,6404.97,6407.72,6400.33,6406.14,34.32,219781.18,6404.52
2018-11-06 01:00:00,6406.14,6408.12,6400,6403.93,41.08,263127.05,6404.88
2018-11-06 02:00:00,6406.87,6406.88,6397.27,6399.66,36.5,233630.86,6400.71
2018-11-06 03:00:00,6399.66,6399.96,6378.24,6389.15,100.61,642605.1,6387.15
2018-11-06 04:00:00,6390.54,6396.15,6384.01,6394.79,68.82,439954.4,6392.37
2018-11-06 05:00:00,6394.79,6406.36,6393.38,6398.39,56.06,358762.61,6399.78
2018-11-06 06:00:00,6397.73,6405.17,6390.58,6404.1,61.1,390957.01,6398.78
2018-11-06 07:00:00,6403.38,6404.61,6395.94,6398.59,68.34,437435.38,6400.51
2018-11-06 08:00:00,6395.17,6424.92,6395.17,6410.82,269.37,1727058.78,6411.59
2018-11-06 09:00:00,6410.87,6441,6409.22,6441,344.85,2214907.28,6422.76
2018-11-06 10:00:00,6440,6457.89,6413.2,6418.31,300.39,1932152.99,6432.11
2018-11-06 11:00:00,6418.3,6418.33,6390.81,6397.57,246.29,1577415.19,6404.62
2018-11-06 12:00:00,6398.24,6422.25,6391.66,6401.29,342.74,2195464.87,6405.69
2018-11-06 13:00:00,6401.19,6421.83,6401.19,6411.47,163.45,1048048.96,6412.19
2018-11-06 14:00:00,6411.47,6425.53,6405.96,6413.58,237.82,1525571.49,6414.79
2018-11-06 15:00:00,6416.07,6442.22,6416.07,6427.73,426.2,2740484.49,6430.05
2018-11-06 16:00:00,6428.33,6429.33,6415.56,6419.35,128.2,823248.44,6421.81
2018-11-06 17:00:00,6418.64,6429.34,6418.63,6425.71,112.76,724424.68,6424.34
2018-11-06 18:00:00,6424.54,6428.42,6416.09,6423.41,157.89,1014297.56,6424.18
2018-11-06 19:00:00,6423.41,6423.41,6413.38,6413.43,121.55,780221.78,6419.07
2018-11-06 20:00:00,6413.42,6420.65,6413.42,6420.64,160.91,1032536.26,6416.73
2018-11-06 21:00:00,6420,6422.03,6415,6419.69,134.7,864644.57,6418.95
2018-11-06 22:00:00,6419.68,6460.01,6419.68,6441.9,351.44,2264731.3,6444.16
2018-11-06 23:00:00,6441.9,6460,6432.45,6447.5,304.95,1966475.66,6448.61
2018-11-07 00:00:00,6448.17,6544,6442.47,6497.54,1049.79,6826770.49,6502.97
2018-11-07 01:00:00,6504.5,6532.95,6498.14,6530.34,121.87,793239.02,6508.97
2018-11-07 02:00:00,6528.06,6541.28,6517.63,6518.69,301.9,1970994.46,6528.56
2018-11-07 03:00:00,6517.81,6522.49,6504.91,6509.05,145.53,948332.31,6516.33
2018-11-07 04:00:00,6509.92,6513.67,6493.77,6498.66,69.69,453271.91,6504.2
2018-11-07 05:00:00,6498.66,6513.01,6495,6507.58,99.56,647877.43,6507.21
2018-11-07 06:00:00,6506.69,6513.81,6502,6508.2,46.39,301943.77,6508.45
2018-11-07 07:00:00,6508.2,6516.98,6501.63,6506.25,94.53,615362.22,6509.64
2018-11-07 08:00:00,6506.26,6535.6,6505.16,6519.71,378.17,2467181.99,6524.03
2018-11-07 09:00:00,6519.5,6526.65,6511.01,6512.57,126.68,825495.85,6516.57
2018-11-07 10:00:00,6514.54,6514.55,6500,6505.06,181.46,1180591.27,6506.07
2018-11-07 11:00:00,6505.51,6516.22,6488.98,6505.53,290.05,1885094.47,6499.22
2018-11-07 12:00:00,6504.73,6508,6499.74,6503.35,66.47,432296.44,6503.56
2018-11-07 13:00:00,6503.35,6515.47,6500,6514.24,170.52,1109718.91,6507.9
2018-11-07 14:00:00,6514.25,6534,6487.58,6500.87,467.22,3043968.34,6515.1
2018-11-07 15:00:00,6500.78,6501.67,6485.86,6496,154.4,1002905.71,6495.36
2018-11-07 16:00:00,6499.73,6508.33,6497.01,6507.03,194.73,1266563.43,6504.29
2018-11-07 17:00:00,6508.32,6513,6506.74,6507.86,165.24,1075809.12,6510.72
2018-11-07 18:00:00,6506.74,6515.79,6505.6,6512.43,141.24,919708.61,6511.49
2018-11-07 19:00:00,6512.43,6514.33,6499.75,6502.2,274.61,1785784.67,6502.95
2018-11-07 20:00:00,6502.19,6511.88,6497.21,6503.81,79.87,519515.08,6504.5
2018-11-07 21:00:00,6503.81,6505.06,6492.42,6503.43,111.1,721845.46,6497.33
2018-11-07 22:00:00,6503.43,6503.53,6494.14,6500.01,59.38,385962.64,6500.1
2018-11-07 23:00:00,6500.79,6501,6497,6501,10.42,67743.45,6500.16
2018-11-08 00:00:00,6501,6511.27,6498.47,6499.16,63.38,412278.99,6504.51
2018-11-08 01:00:00,6500.09,6504.19,6487.42,6491.03,41.1,266995.36,6496.82
2018-11-08 02:00:00,6491.3,6498.76,6445.31,6454.23,464.88,3005458.46,6465.05
2018-11-08 03:00:00,6455.29,6464.66,6440,6441.33,333.81,2152156.68,6447.28
2018-11-08 04:00:00,6441.33,6459.83,6440,6455.03,111.83,721114.82,6448.28
2018-11-08 05:00:00,6454.88,6456.65,6441.26,6447.5,102.31,659731.17,6448.42
2018-11-08 06:00:00,6450.12,6456.18,6443.63,6455,67.9,437936.03,6449.79
2018-11-08 07:00:00,6451.95,6457.86,6447.17,6452.9,55.14,355747.62,6451.36
2018-11-08 08:00:00,6450.3,6464.1,6445.43,6447.59,53.13,342939,6454.35
2018-11-08 09:00:00,6446.3,6459.51,6441.32,6455.67,143.24,923851.47,6449.68
2018-11-08 10:00:00,6453.2,6462.1,6450.09,6460.99,124.93,806529.92,6455.79
2018-11-08 11:00:00,6461,6470,6455.08,6456.41,204.38,1321113.75,6463.98
2018-11-08 12:00:00,6456,6473.78,6452,6473.31,182.21,1177881.41,6464.5
2018-11-08 13:00:00,6473.31,6482.77,6463.91,6479.99,154.84,1002542.23,6474.74
2018-11-08 14:00:00,6477.57,6493.06,6467.93,6482.53,275.78,1789005.88,6487.08
2018-11-08 15:00:00,6482.17,6484.06,6456.06,6459.4,141.62,916032.71,6468.23
2018-11-08 16:00:00,6459.29,6459.29,6388.88,6427.85,665.62,4269975.22,6415.03
2018-11-08 17:00:00,6427.63,6427.72,6400.22,6427.16,195.91,1256678.84,6414.68
2018-11-08 18:00:00,6426.3,6429.23,6410.12,6413.88,87.32,560511.38,6419.02
2018-11-08 19:00:00,6413.95,6417.15,6404.89,6415.9,92.05,590180.79,6411.19
2018-11-08 20:00:00,6411.96,6432,6411.96,6421.27,101.28,650669.95,6424.5
2018-11-08 21:00:00,6421.27,6431.73,6410.34,6420,106.29,682447.28,6420.52
2018-11-08 22:00:00,6415.37,6429.65,6405,6408.58,86.38,554474.1,6419.26
2018-11-08 23:00:00,6408.41,6409.17,6390,6405.49,111.64,714241.58,6397.54
2018-11-09 00:00:00,6405.49,6418.18,6398.79,6411.8,64.22,411664.19,6410.32
2018-11-09 01:00:00,6415.28,6415.28,6398.49,6406.22,60.95,390359.36,6405.1
2018-11-09 02:00:00,6406.21,6410,6386.98,6386.98,77.72,497384.5,6399.38
2018-11-09 03:00:00,6389.6,6404.95,6387.08,6402.28,99.73,637724.45,6394.68
2018-11-09 04:00:00,6398.59,6409.56,6395.29,6398.8,92.34,591182.14,6402.48
2018-11-09 05:00:00,6398.8,6402.64,6396.05,6402.64,38.1,243750.4,6398.39
2018-11-09 06:00:00,6401.92,6409.33,6397.02,6404.22,72.27,462768.33,6403.26
2018-11-09 07:00:00,6403.5,6415.29,6398.83,6405.88,220.99,1415791.74,6406.63
2018-11-09 08:00:00,6400.79,6418.13,6397.59,6397.59,188.89,1210562.15,6408.87
2018-11-09 09:00:00,6397.6,6400.06,6331,6358.22,632.33,4024936.04,6365.22
2018-11-09 10:00:00,6352.76,6357.32,6340,6351.18,88.74,563744.56,6352.92
2018-11-09 11:00:00,6351.17,6358.99,6346.58,6349.9,227.66,1446389.48,6353.35
2018-11-09 12:00:00,6351.88,6362.5,6351.88,6354.62,74.88,475928.99,6355.93
2018-11-09 13:00:00,6353.75,6365.24,6327,6354.27,162.29,1030223.29,6348.1
2018-11-09 14:00:00,6355.77,6363.37,6309,6341.12,305.3,1932731.01,6330.53
2018-11-09 15:00:00,6338.15,6346.81,6325.63,6344.58,87.27,553007.18,6337.01
2018-11-09 16:00:00,6342.3,6348.36,6340.88,6347.26,80.01,507781.79,6346.32
2018-11-09 17:00:00,6347,6347.45,6343.05,6345.62,100.29,636401.38,6345.33
2018-11-09 18:00:00,6345.02,6345.62,6327.47,6330.58,107.27,679534.34,6334.97
2018-11-09 19:00:00,6330.58,6347.45,6328.45,6340.01,95.29,603878.25,6337.45
2018-11-09 20:00:00,6340,6345,6331.26,6339.42,65.63,415958.5,6338.37
2018-11-09 21:00:00,6335.63,6339.39,6307,6327.35,133.03,840203.95,6316.06
2018-11-09 22:00:00,6326.91,6328.72,6313.98,6325.42,54.76,346270.52,6323.8
2018-11-09 23:00:00,6327.64,6336.6,6320.13,6325,88.2,558073.94,6327.5
2018-11-10 00:00:00,6325,6339.31,6323,6329.79,110,696090.07,6328.21
2018-11-10 01:00:00,6335.77,6345.88,6327.92,6344.72,53.97,342156.27,6339.26
2018-11-10 02:00:00,6344.04,6347.45,6330.1,6341.89,39.77,252290.72,6344.33
2018-11-10 03:00:00,6335.93,6340.91,6330,6340.9,41.28,261547.31,6335.31
2018-11-10 04:00:00,6340.91,6364.83,6331.43,6357.36,135.26,858535.1,6347.17
2018-11-10 05:00:00,6357.42,6361,6344.25,6360,89.47,568463.87,6353.74
2018-11-10 06:00:00,6359.99,6365.34,6345.08,6347.68,97.57,620183.42,6356.44
2018-11-10 07:00:00,6345,6367.15,6344.85,6360.62,67.62,429734.07,6354.96
2018-11-10 08:00:00,6362.79,6364.21,6350.03,6350.03,45.85,291630.68,6360.93
2018-11-10 09:00:00,6349.72,6359.68,6341,6356.24,53.07,337025.13,6351.12
2018-11-10 10:00:00,6353.87,6354.97,6333.63,6340.37,92.88,588811.98,6339.75
2018-11-10 11:00:00,6340.37,6361.76,6338.29,6359.17,90.19,572581.84,6348.41
2018-11-10 12:00:00,6361.67,6371.97,6351.63,6371.97,67.9,432203.79,6365.25
2018-11-10 13:00:00,6371.97,6376.56,6351.73,6358.75,107.64,685236.65,6365.8
2018-11-10 14:00:00,6367.04,6369.78,6351.62,6360.27,52.65,334863.41,6359.86
2018-11-10 15:00:00,6359.4,6362.81,6356.63,6360.8,24.72,157199.74,6359.73
2018-11-10 16:00:00,6359.22,6374.42,6359.22,6369.01,55.54,353544.05,6366.11
2018-11-10 17:00:00,6369.01,6377.26,6358.24,6370,53.2,338666.14,6365.65
2018-11-10 18:00:00,6365.94,6367.51,6346.7,6352.18,101.64,645816.02,6354.18
2018-11-10 19:00:00,6352.18,6360,6352.18,6359.32,32.11,204138.24,6356.84
2018-11-10 20:00:00,6359.31,6363.4,6356.35,6363.4,28.22,179469.27,6359.08
2018-11-10 21:00:00,6363.4,6369.3,6359.13,6363.71,35.19,223955.84,6364.37
2018-11-10 22:00:00,6364.24,6365,6358.8,6362.22,20.39,129762.85,6363.3
2018-11-10 23:00:00,6363.57,6365,6343.9,6349.32,27.26,173252.9,6354.9
2018-11-11 00:00:00,6349.39,6361.63,6346.33,6361.63,7.94,50489.38,6356.5
2018-11-11 01:00:00,6361.63,6361.7,6345.3,6357.38,23.52,149502.33,6356.38
2018-11-11 02:00:00,6355.82,6361.89,6350.6,6356.54,6.64,42221.53,6359.12
2018-11-11 03:00:00,6359.82,6359.82,6335.6,6343.4,56.87,360846.01,6344.87
2018-11-11 04:00:00,6343.4,6350.2,6340.06,6350.2,39.84,252929.44,6348.75
2018-11-11 05:00:00,6350.2,6357.18,6344.29,6348.34,26.78,170018.24,6349.82
2018-11-11 06:00:00,6349.56,6362.77,6348.23,6362.36,25.61,162874.19,6359.34
2018-11-11 07:00:00,6354.62,6363.09,6352.94,6360,14.4,91605.96,6360.1
2018-11-11 08:00:00,6360,6365,6351.01,6361,34.9,221964.55,6359.2
2018-11-11 09:00:00,6356.29,6363.5,6344.85,6352.77,8.5,54042.89,6356.95
2018-11-11 10:00:00,6351.16,6355,6333.99,6341.57,31.73,201238.75,6341.86
2018-11-11 11:00:00,6341.83,6353.34,6332.51,6336,69.03,437674.9,6340.59
2018-11-11 12:00:00,6336,6349.12,6333.97,6345.21,44.54,282228.57,6336.66
2018-11-11 13:00:00,6345.21,6349.22,6325,6336.39,48.78,308956.66,6334.17
2018-11-11 14:00:00,6335.44,6342.38,6333.14,6338.39,29.74,188463.08,6337.69
2018-11-11 15:00:00,6337.54,6337.54,6269.46,6311.99,843.79,5314227.07,6298.01
2018-11-11 16:00:00,6309.82,6317.84,6290.3,6307.53,74.71,471378.85,6309.47
2018-11-11 17:00:00,6307.53,6317.84,6303.89,6316.29,59.08,372904.98,6311.92
2018-11-11 18:00:00,6317.74,6320,6309.25,6318.47,25.06,158284.62,6316.42
2018-11-11 19:00:00,6318.47,6332.4,6315.71,6324.12,60.52,382862.43,6325.8
2018-11-11 20:00:00,6324.12,6333.63,6320.95,6333.14,25.18,159346.16,6328.21
2018-11-11 21:00:00,6333.14,6333.63,6311.4,6311.4,14.2,89763.17,6321.95
2018-11-11 22:00:00,6310.04,6322.9,6310,6311.71,17.71,111846.78,6315.5
2018-11-11 23:00:00,6316.14,6360,6310,6357.54,129.19,818545.99,6335.92
2018-11-12 00:00:00,6352.57,6388.21,6352.57,6370.64,126.78,808282.06,6375.4
2018-11-12 01:00:00,6371.26,6381.2,6360.17,6367,41.2,262538.69,6372.12
2018-11-12 02:00:00,6367,6374.51,6360.79,6374.51,47.41,301946.08,6368.55
2018-11-12 03:00:00,6374.51,6374.66,6355.1,6355.15,50.27,320033.32,6366.33
2018-11-12 04:00:00,6355.16,6371.18,6355.16,6369.42,177.4,1129354.32,6366.22
2018-11-12 05:00:00,6369.39,6371.83,6365.82,6371.55,186.71,1189181.14,6369.11
2018-11-12 06:00:00,6369.01,6373.93,6345.57,6356.28,165.36,1052334.8,6364.03
2018-11-12 07:00:00,6359.19,6361.98,6347,6347.02,114.41,726946.61,6353.93
2018-11-12 08:00:00,6350,6361.95,6333.63,6361.93,119.74,759922.49,6346.29
2018-11-12 09:00:00,6360,6366.09,6344.43,6361.59,136.63,868521.27,6356.73
2018-11-12 10:00:00,6361.59,6363.38,6331,6358.04,234.36,1488333.08,6350.64
2018-11-12 11:00:00,6357.16,6362,6350,6354.32,122.72,779996.75,6355.7
2018-11-12 12:00:00,6354.21,6370,6351,6363.54,122.28,778054.79,6362.72
2018-11-12 13:00:00,6362.66,6373.5,6360.01,6363.75,87.35,556245.75,6367.75
2018-11-12 14:00:00,6363.75,6374.15,6360,6367.25,138.86,884482.7,6369.45
2018-11-12 15:00:00,6366.82,6371.33,6350,6353.28,187.69,1193618.05,6359.61
2018-11-12 16:00:00,6352.09,6356.4,6330.97,6339.89,254.91,1616233.99,6340.36
2018-11-12 17:00:00,6339.9,6342.26,6331.16,6331.92,207.36,1313990.77,6336.82
2018-11-12 18:00:00,6332.2,6339.84,6315,6318.96,162.73,1029271.03,6324.91
2018-11-12 19:00:00,6318.11,6335.03,6312.05,6332.15,322.7,2038804.26,6318.01
2018-11-12 20:00:00,6331.83,6335.03,6326,6328.91,179.8,1138024.03,6329.56
2018-11-12 21:00:00,6328.91,6333.78,6302.08,6302.08,92.08,581724.42,6317.73
2018-11-12 22:00:00,6305.29,6317.62,6298.5,6313.04,139.74,881356.11,6307.19
2018-11-12 23:00:00,6313.1,6328.2,6303.61,6318,107.54,679369.54,6317.12
2018-11-13 00:00:00,6318.01,6328.36,6307,6314.51,129.23,816393.06,6317.36
2018-11-13 01:00:00,6314.15,6316.77,6275.21,6288.35,287.73,1812189.27,6298.29
2018-11-13 02:00:00,6288.34,6297.84,6244.35,6291,334.53,2099146.43,6274.92
2018-11-13 03:00:00,6287.79,6313.83,6287.79,6297.71,99.22,625244.53,6301.89
2018-11-13 04:00:00,6295.01,6311.3,6295,6295.01,69.38,437118.54,6300.55
2018-11-13 05:00:00,6295.02,6302.45,6288.04,6302.45,64.38,405225.4,6294.46
2018-11-13 06:00:00,6302.45,6307.4,6302.44,6302.94,23.95,150998.22,6305.21